EmployeeID,Name,Department,Email,TableNumber
101,代刚01,u{场,test1@example.com,A1
102,代刚02,カ初场,test2@example.com,B2
103,代刚03,H戈场,test3@example.com,C3
104,代刚04,u{场,elliottchang0324@gmail.com,A2
105,代刚05,カ初场,test5@example.com,B3
106,代刚06,H戈场,test6@example.com,C4
107,代刚07,u{场,test7@example.com,A3
108,代刚08,カ初场,test8@example.com,B4
109,代刚09,H戈场,test9@example.com,C5
110,代刚10,u{场,test0@example.com,A4
111,代刚11,カ初场,test1@example.com,B5
112,代刚12,H戈场,test2@example.com,C6
113,代刚13,u{场,test3@example.com,A5
114,代刚14,カ初场,test4@example.com,B6
115,代刚15,H戈场,test5@example.com,C7
116,代刚16,u{场,test6@example.com,A6
117,代刚17,カ初场,test7@example.com,B7
118,代刚18,H戈场,test8@example.com,C8
119,代刚19,u{场,test9@example.com,A7
120,代刚20,カ初场,test0@example.com,B8
121,代刚21,H戈场,test1@example.com,C9
122,代刚22,u{场,test2@example.com,A8
123,代刚23,カ初场,test3@example.com,B9
124,代刚24,H戈场,test4@example.com,C10
125,代刚25,u{场,test5@example.com,A9
126,代刚26,カ初场,test6@example.com,B10
127,代刚27,H戈场,test7@example.com,C11
128,代刚28,u{场,test8@example.com,A10
129,代刚29,カ初场,test9@example.com,B11
130,代刚30,H戈场,test0@example.com,C12
131,代刚31,u{场,test1@example.com,A11
132,代刚32,カ初场,test2@example.com,B12
133,代刚33,H戈场,test3@example.com,C13
134,代刚34,u{场,test4@example.com,A12
135,代刚35,カ初场,test5@example.com,B13
136,代刚36,H戈场,test6@example.com,C14
137,代刚37,u{场,test7@example.com,A13
138,代刚38,カ初场,test8@example.com,B14
139,代刚39,H戈场,test9@example.com,C15
140,代刚40,u{场,test0@example.com,A14
141,代刚41,カ初场,test1@example.com,B15
142,代刚42,H戈场,test2@example.com,C16
143,代刚43,u{场,test3@example.com,A15
144,代刚44,カ初场,test4@example.com,B16
145,代刚45,H戈场,test5@example.com,C17
146,代刚46,u{场,test6@example.com,A16
147,代刚47,カ初场,test7@example.com,B17
148,代刚48,H戈场,test8@example.com,C18
149,代刚49,u{场,test9@example.com,A17
150,代刚50,カ初场,test0@example.com,B18
151,代刚51,H戈场,test1@example.com,C19
152,代刚52,u{场,test2@example.com,A18
153,代刚53,カ初场,test3@example.com,B19
154,代刚54,H戈场,test4@example.com,C20
155,代刚55,u{场,test5@example.com,A19
156,代刚56,カ初场,test6@example.com,B20
157,代刚57,H戈场,test7@example.com,C21
158,代刚58,u{场,test8@example.com,A20
159,代刚59,カ初场,test9@example.com,B21
160,代刚60,H戈场,test0@example.com,C22
161,代刚61,u{场,test1@example.com,A21
162,代刚62,カ初场,test2@example.com,B22
163,代刚63,H戈场,test3@example.com,C23
164,代刚64,u{场,test4@example.com,A22
165,代刚65,カ初场,test5@example.com,B23
166,代刚66,H戈场,test6@example.com,C24
167,代刚67,u{场,test7@example.com,A23
168,代刚68,カ初场,test8@example.com,B24
169,代刚69,H戈场,test9@example.com,C25
170,代刚70,u{场,test0@example.com,A24
171,代刚71,カ初场,test1@example.com,B25
172,代刚72,H戈场,test2@example.com,C26
173,代刚73,u{场,test3@example.com,A25
174,代刚74,カ初场,test4@example.com,B26
175,代刚75,H戈场,test5@example.com,C27
176,代刚76,u{场,test6@example.com,A26
177,代刚77,カ初场,test7@example.com,B27
178,代刚78,H戈场,test8@example.com,C28
179,代刚79,u{场,test9@example.com,A27
180,代刚80,カ初场,test0@example.com,B28
181,代刚81,H戈场,test1@example.com,C29
182,代刚82,u{场,test2@example.com,A28
183,代刚83,カ初场,test3@example.com,B29
184,代刚84,H戈场,test4@example.com,C30
185,代刚85,u{场,test5@example.com,A29
186,代刚86,カ初场,test6@example.com,B30
187,代刚87,H戈场,test7@example.com,C31
188,代刚88,u{场,test8@example.com,A30
189,代刚89,カ初场,test9@example.com,B31
190,代刚90,H戈场,test0@example.com,C32
191,代刚91,u{场,test1@example.com,A31
192,代刚92,カ初场,test2@example.com,B32
193,代刚93,H戈场,test3@example.com,C33
194,代刚94,u{场,test4@example.com,A32
195,代刚95,カ初场,test5@example.com,B33
196,代刚96,H戈场,test6@example.com,C34
197,代刚97,u{场,test7@example.com,A33
198,代刚98,カ初场,test8@example.com,B34
199,代刚99,H戈场,test9@example.com,C35
200,代刚100,u{场,test00@example.com,A34
201,代刚101,カ初场,test01@example.com,B35
202,代刚102,H戈场,test02@example.com,C36
203,代刚103,u{场,test03@example.com,A35
204,代刚104,カ初场,test04@example.com,B36
205,代刚105,H戈场,test05@example.com,C37
206,代刚106,u{场,test06@example.com,A36
207,代刚107,カ初场,test07@example.com,B37
208,代刚108,H戈场,test08@example.com,C38
209,代刚109,u{场,test09@example.com,A37
210,代刚110,カ初场,test10@example.com,B38
211,代刚111,H戈场,test11@example.com,C39
212,代刚112,u{场,test12@example.com,A38
213,代刚113,カ初场,test13@example.com,B39
214,代刚114,H戈场,test14@example.com,C40
215,代刚115,u{场,test15@example.com,A39
216,代刚116,カ初场,test16@example.com,B40
217,代刚117,H戈场,test17@example.com,C41
218,代刚118,u{场,test18@example.com,A40
219,代刚119,カ初场,test19@example.com,B41
220,代刚120,H戈场,test20@example.com,C42
221,代刚121,u{场,test21@example.com,A41
222,代刚122,カ初场,test22@example.com,B42
223,代刚123,H戈场,test23@example.com,C43
224,代刚124,u{场,test24@example.com,A42
225,代刚125,カ初场,test25@example.com,B43
226,代刚126,H戈场,test26@example.com,C44
227,代刚127,u{场,test27@example.com,A43
228,代刚128,カ初场,test28@example.com,B44
229,代刚129,H戈场,test29@example.com,C45
230,代刚130,u{场,test30@example.com,A44
231,代刚131,カ初场,test31@example.com,B45
232,代刚132,H戈场,test32@example.com,C46
233,代刚133,u{场,test33@example.com,A45
234,代刚134,カ初场,test34@example.com,B46
235,代刚135,H戈场,test35@example.com,C47
236,代刚136,u{场,test36@example.com,A46
237,代刚137,カ初场,test37@example.com,B47
238,代刚138,H戈场,test38@example.com,C48
239,代刚139,u{场,test39@example.com,A47
240,代刚140,カ初场,test40@example.com,B48
241,代刚141,H戈场,test41@example.com,C49
242,代刚142,u{场,test42@example.com,A48
243,代刚143,カ初场,test43@example.com,B49
244,代刚144,H戈场,test44@example.com,C50
245,代刚145,u{场,test45@example.com,A49
246,代刚146,カ初场,test46@example.com,B50
247,代刚147,H戈场,test47@example.com,C51
248,代刚148,u{场,test48@example.com,A50
249,代刚149,カ初场,test49@example.com,B51
250,代刚150,H戈场,test50@example.com,C52
251,代刚151,u{场,test51@example.com,A51
252,代刚152,カ初场,test52@example.com,B52
253,代刚153,H戈场,test53@example.com,C53
254,代刚154,u{场,test54@example.com,A52
255,代刚155,カ初场,test55@example.com,B53
256,代刚156,H戈场,test56@example.com,C54
257,代刚157,u{场,test57@example.com,A53
258,代刚158,カ初场,test58@example.com,B54
259,代刚159,H戈场,test59@example.com,C55
260,代刚160,u{场,test60@example.com,A54
261,代刚161,カ初场,test61@example.com,B55
262,代刚162,H戈场,test62@example.com,C56
263,代刚163,u{场,test63@example.com,A55
264,代刚164,カ初场,test64@example.com,B56
265,代刚165,H戈场,test65@example.com,C57
266,代刚166,u{场,test66@example.com,A56
267,代刚167,カ初场,test67@example.com,B57
268,代刚168,H戈场,test68@example.com,C58
269,代刚169,u{场,test69@example.com,A57
270,代刚170,カ初场,test70@example.com,B58
271,代刚171,H戈场,test71@example.com,C59
272,代刚172,u{场,test72@example.com,A58
273,代刚173,カ初场,test73@example.com,B59
274,代刚174,H戈场,test74@example.com,C60
275,代刚175,u{场,test75@example.com,A59
276,代刚176,カ初场,test76@example.com,B60
277,代刚177,H戈场,test77@example.com,C61
278,代刚178,u{场,test78@example.com,A60
279,代刚179,カ初场,test79@example.com,B61
280,代刚180,H戈场,test80@example.com,C62
281,代刚181,u{场,test81@example.com,A61
282,代刚182,カ初场,test82@example.com,B62
283,代刚183,H戈场,test83@example.com,C63
284,代刚184,u{场,test84@example.com,A62
285,代刚185,カ初场,test85@example.com,B63
286,代刚186,H戈场,test86@example.com,C64
287,代刚187,u{场,test87@example.com,A63
288,代刚188,カ初场,test88@example.com,B64
289,代刚189,H戈场,test89@example.com,C65
290,代刚190,u{场,test90@example.com,A64
291,代刚191,カ初场,test91@example.com,B65
292,代刚192,H戈场,test92@example.com,C66
293,代刚193,u{场,test93@example.com,A65
294,代刚194,カ初场,test94@example.com,B66
295,代刚195,H戈场,test95@example.com,C67
296,代刚196,u{场,test96@example.com,A66
297,代刚197,カ初场,test97@example.com,B67
298,代刚198,H戈场,test98@example.com,C68
299,代刚199,u{场,test99@example.com,A67
300,代刚200,カ初场,test00@example.com,B68
301,代刚201,H戈场,test01@example.com,C69
302,代刚202,u{场,test02@example.com,A68
303,代刚203,カ初场,test03@example.com,B69
304,代刚204,H戈场,test04@example.com,C70
305,代刚205,u{场,test05@example.com,A69
306,代刚206,カ初场,test06@example.com,B70
307,代刚207,H戈场,test07@example.com,C71
308,代刚208,u{场,test08@example.com,A70
309,代刚209,カ初场,test09@example.com,B71
310,代刚210,H戈场,test10@example.com,C72
311,代刚211,u{场,test11@example.com,A71
312,代刚212,カ初场,test12@example.com,B72
313,代刚213,H戈场,test13@example.com,C73
314,代刚214,u{场,test14@example.com,A72
315,代刚215,カ初场,test15@example.com,B73
316,代刚216,H戈场,test16@example.com,C74
317,代刚217,u{场,test17@example.com,A73
318,代刚218,カ初场,test18@example.com,B74
319,代刚219,H戈场,test19@example.com,C75
320,代刚220,u{场,test20@example.com,A74
321,代刚221,カ初场,test21@example.com,B75
322,代刚222,H戈场,test22@example.com,C76
323,代刚223,u{场,test23@example.com,A75
324,代刚224,カ初场,test24@example.com,B76
325,代刚225,H戈场,test25@example.com,C77
326,代刚226,u{场,test26@example.com,A76
327,代刚227,カ初场,test27@example.com,B77
328,代刚228,H戈场,test28@example.com,C78
329,代刚229,u{场,test29@example.com,A77
330,代刚230,カ初场,test30@example.com,B78
331,代刚231,H戈场,test31@example.com,C79
332,代刚232,u{场,test32@example.com,A78
333,代刚233,カ初场,test33@example.com,B79
334,代刚234,H戈场,test34@example.com,C80
335,代刚235,u{场,test35@example.com,A79
336,代刚236,カ初场,test36@example.com,B80
337,代刚237,H戈场,test37@example.com,C81
338,代刚238,u{场,test38@example.com,A80
339,代刚239,カ初场,test39@example.com,B81
340,代刚240,H戈场,test40@example.com,C82
341,代刚241,u{场,test41@example.com,A81
342,代刚242,カ初场,test42@example.com,B82
343,代刚243,H戈场,test43@example.com,C83
344,代刚244,u{场,test44@example.com,A82
345,代刚245,カ初场,test45@example.com,B83
346,代刚246,H戈场,test46@example.com,C84
347,代刚247,u{场,test47@example.com,A83
348,代刚248,カ初场,test48@example.com,B84
349,代刚249,H戈场,test49@example.com,C85
350,代刚250,u{场,test50@example.com,A84
351,代刚251,カ初场,test51@example.com,B85
352,代刚252,H戈场,test52@example.com,C86
353,代刚253,u{场,test53@example.com,A85
354,代刚254,カ初场,test54@example.com,B86
355,代刚255,H戈场,test55@example.com,C87
356,代刚256,u{场,test56@example.com,A86
357,代刚257,カ初场,test57@example.com,B87
358,代刚258,H戈场,test58@example.com,C88
359,代刚259,u{场,test59@example.com,A87
360,代刚260,カ初场,test60@example.com,B88
361,代刚261,H戈场,test61@example.com,C89
362,代刚262,u{场,test62@example.com,A88
363,代刚263,カ初场,test63@example.com,B89
364,代刚264,H戈场,test64@example.com,C90
365,代刚265,u{场,test65@example.com,A89
366,代刚266,カ初场,test66@example.com,B90
367,代刚267,H戈场,test67@example.com,C91
368,代刚268,u{场,test68@example.com,A90
369,代刚269,カ初场,test69@example.com,B91
370,代刚270,H戈场,test70@example.com,C92
371,代刚271,u{场,test71@example.com,A91
372,代刚272,カ初场,test72@example.com,B92
373,代刚273,H戈场,test73@example.com,C93
374,代刚274,u{场,test74@example.com,A92
375,代刚275,カ初场,test75@example.com,B93
376,代刚276,H戈场,test76@example.com,C94
377,代刚277,u{场,test77@example.com,A93
378,代刚278,カ初场,test78@example.com,B94
379,代刚279,H戈场,test79@example.com,C95
380,代刚280,u{场,test80@example.com,A94
381,代刚281,カ初场,test81@example.com,B95
382,代刚282,H戈场,test82@example.com,C96
383,代刚283,u{场,test83@example.com,A95
384,代刚284,カ初场,test84@example.com,B96
385,代刚285,H戈场,test85@example.com,C97
386,代刚286,u{场,test86@example.com,A96
387,代刚287,カ初场,test87@example.com,B97
388,代刚288,H戈场,test88@example.com,C98
389,代刚289,u{场,test89@example.com,A97
390,代刚290,カ初场,test90@example.com,B98
391,代刚291,H戈场,test91@example.com,C99
392,代刚292,u{场,test92@example.com,A98
393,代刚293,カ初场,test93@example.com,B99
394,代刚294,H戈场,test94@example.com,C100
395,代刚295,u{场,test95@example.com,A99
396,代刚296,カ初场,test96@example.com,B100
397,代刚297,H戈场,test97@example.com,C101
398,代刚298,u{场,test98@example.com,A100
399,代刚299,カ初场,test99@example.com,B101
400,代刚300,H戈场,test00@example.com,C102
401,代刚301,u{场,test01@example.com,A101
402,代刚302,カ初场,test02@example.com,B102
403,代刚303,H戈场,test03@example.com,C103
404,代刚304,u{场,test04@example.com,A102
405,代刚305,カ初场,test05@example.com,B103
406,代刚306,H戈场,test06@example.com,C104
407,代刚307,u{场,test07@example.com,A103
408,代刚308,カ初场,test08@example.com,B104
409,代刚309,H戈场,test09@example.com,C105
410,代刚310,u{场,test10@example.com,A104
411,代刚311,カ初场,test11@example.com,B105
412,代刚312,H戈场,test12@example.com,C106
413,代刚313,u{场,test13@example.com,A105
414,代刚314,カ初场,test14@example.com,B106
415,代刚315,H戈场,test15@example.com,C107
416,代刚316,u{场,test16@example.com,A106
417,代刚317,カ初场,test17@example.com,B107
418,代刚318,H戈场,test18@example.com,C108
419,代刚319,u{场,test19@example.com,A107
420,代刚320,カ初场,test20@example.com,B108
421,代刚321,H戈场,test21@example.com,C109
422,代刚322,u{场,test22@example.com,A108
423,代刚323,カ初场,test23@example.com,B109
424,代刚324,H戈场,test24@example.com,C110
425,代刚325,u{场,test25@example.com,A109
426,代刚326,カ初场,test26@example.com,B110
427,代刚327,H戈场,test27@example.com,C111
428,代刚328,u{场,test28@example.com,A110
429,代刚329,カ初场,test29@example.com,B111
430,代刚330,H戈场,test30@example.com,C112
431,代刚331,u{场,test31@example.com,A111
432,代刚332,カ初场,test32@example.com,B112
433,代刚333,H戈场,test33@example.com,C113
434,代刚334,u{场,test34@example.com,A112
435,代刚335,カ初场,test35@example.com,B113
436,代刚336,H戈场,test36@example.com,C114
437,代刚337,u{场,test37@example.com,A113
438,代刚338,カ初场,test38@example.com,B114
439,代刚339,H戈场,test39@example.com,C115
440,代刚340,u{场,test40@example.com,A114
441,代刚341,カ初场,test41@example.com,B115
442,代刚342,H戈场,test42@example.com,C116
443,代刚343,u{场,test43@example.com,A115
444,代刚344,カ初场,test44@example.com,B116
445,代刚345,H戈场,test45@example.com,C117
446,代刚346,u{场,test46@example.com,A116
447,代刚347,カ初场,test47@example.com,B117
448,代刚348,H戈场,test48@example.com,C118
449,代刚349,u{场,test49@example.com,A117
450,代刚350,カ初场,test50@example.com,B118
451,代刚351,H戈场,test51@example.com,C119
452,代刚352,u{场,test52@example.com,A118
453,代刚353,カ初场,test53@example.com,B119
454,代刚354,H戈场,test54@example.com,C120
455,代刚355,u{场,test55@example.com,A119
456,代刚356,カ初场,test56@example.com,B120
457,代刚357,H戈场,test57@example.com,C121
458,代刚358,u{场,test58@example.com,A120
459,代刚359,カ初场,test59@example.com,B121
460,代刚360,H戈场,test60@example.com,C122
461,代刚361,u{场,test61@example.com,A121
462,代刚362,カ初场,test62@example.com,B122
463,代刚363,H戈场,test63@example.com,C123
464,代刚364,u{场,test64@example.com,A122
465,代刚365,カ初场,test65@example.com,B123
466,代刚366,H戈场,test66@example.com,C124
467,代刚367,u{场,test67@example.com,A123
468,代刚368,カ初场,test68@example.com,B124
469,代刚369,H戈场,test69@example.com,C125
470,代刚370,u{场,test70@example.com,A124
471,代刚371,カ初场,test71@example.com,B125
472,代刚372,H戈场,test72@example.com,C126
473,代刚373,u{场,test73@example.com,A125
474,代刚374,カ初场,test74@example.com,B126
475,代刚375,H戈场,test75@example.com,C127
476,代刚376,u{场,test76@example.com,A126
477,代刚377,カ初场,test77@example.com,B127
478,代刚378,H戈场,test78@example.com,C128
479,代刚379,u{场,test79@example.com,A127
480,代刚380,カ初场,test80@example.com,B128
481,代刚381,H戈场,test81@example.com,C129
482,代刚382,u{场,test82@example.com,A128
483,代刚383,カ初场,test83@example.com,B129
484,代刚384,H戈场,test84@example.com,C130
485,代刚385,u{场,test85@example.com,A129
486,代刚386,カ初场,test86@example.com,B130
487,代刚387,H戈场,test87@example.com,C131
488,代刚388,u{场,test88@example.com,A130
489,代刚389,カ初场,test89@example.com,B131
490,代刚390,H戈场,test90@example.com,C132
491,代刚391,u{场,test91@example.com,A131
492,代刚392,カ初场,test92@example.com,B132
493,代刚393,H戈场,test93@example.com,C133
494,代刚394,u{场,test94@example.com,A132
495,代刚395,カ初场,test95@example.com,B133
496,代刚396,H戈场,test96@example.com,C134
497,代刚397,u{场,test97@example.com,A133
498,代刚398,カ初场,test98@example.com,B134
499,代刚399,H戈场,test99@example.com,C135
500,代刚400,u{场,test00@example.com,A134
501,代刚401,カ初场,test01@example.com,B135
502,代刚402,H戈场,test02@example.com,C136
503,代刚403,u{场,test03@example.com,A135
504,代刚404,カ初场,test04@example.com,B136
505,代刚405,H戈场,test05@example.com,C137
506,代刚406,u{场,test06@example.com,A136
507,代刚407,カ初场,test07@example.com,B137
508,代刚408,H戈场,test08@example.com,C138
509,代刚409,u{场,test09@example.com,A137
510,代刚410,カ初场,test10@example.com,B138
511,代刚411,H戈场,test11@example.com,C139
512,代刚412,u{场,test12@example.com,A138
513,代刚413,カ初场,test13@example.com,B139
514,代刚414,H戈场,test14@example.com,C140
515,代刚415,u{场,test15@example.com,A139
516,代刚416,カ初场,test16@example.com,B140
517,代刚417,H戈场,test17@example.com,C141
518,代刚418,u{场,test18@example.com,A140
519,代刚419,カ初场,test19@example.com,B141
520,代刚420,H戈场,test20@example.com,C142
521,代刚421,u{场,test21@example.com,A141
522,代刚422,カ初场,test22@example.com,B142
523,代刚423,H戈场,test23@example.com,C143
524,代刚424,u{场,test24@example.com,A142
525,代刚425,カ初场,test25@example.com,B143
526,代刚426,H戈场,test26@example.com,C144
527,代刚427,u{场,test27@example.com,A143
528,代刚428,カ初场,test28@example.com,B144
529,代刚429,H戈场,test29@example.com,C145
530,代刚430,u{场,test30@example.com,A144
531,代刚431,カ初场,test31@example.com,B145
532,代刚432,H戈场,test32@example.com,C146
533,代刚433,u{场,test33@example.com,A145
534,代刚434,カ初场,test34@example.com,B146
535,代刚435,H戈场,test35@example.com,C147
536,代刚436,u{场,test36@example.com,A146
537,代刚437,カ初场,test37@example.com,B147
538,代刚438,H戈场,test38@example.com,C148
539,代刚439,u{场,test39@example.com,A147
540,代刚440,カ初场,test40@example.com,B148
541,代刚441,H戈场,test41@example.com,C149
542,代刚442,u{场,test42@example.com,A148
543,代刚443,カ初场,test43@example.com,B149
544,代刚444,H戈场,test44@example.com,C150
545,代刚445,u{场,test45@example.com,A149
546,代刚446,カ初场,test46@example.com,B150
547,代刚447,H戈场,test47@example.com,C151
548,代刚448,u{场,test48@example.com,A150
549,代刚449,カ初场,test49@example.com,B151
550,代刚450,H戈场,test50@example.com,C152
551,代刚451,u{场,test51@example.com,A151
552,代刚452,カ初场,test52@example.com,B152
553,代刚453,H戈场,test53@example.com,C153
554,代刚454,u{场,test54@example.com,A152
555,代刚455,カ初场,test55@example.com,B153
556,代刚456,H戈场,test56@example.com,C154
557,代刚457,u{场,test57@example.com,A153
558,代刚458,カ初场,test58@example.com,B154
559,代刚459,H戈场,test59@example.com,C155
560,代刚460,u{场,test60@example.com,A154
561,代刚461,カ初场,test61@example.com,B155
562,代刚462,H戈场,test62@example.com,C156
563,代刚463,u{场,test63@example.com,A155
564,代刚464,カ初场,test64@example.com,B156
565,代刚465,H戈场,test65@example.com,C157
566,代刚466,u{场,test66@example.com,A156
567,代刚467,カ初场,test67@example.com,B157
568,代刚468,H戈场,test68@example.com,C158
569,代刚469,u{场,test69@example.com,A157
570,代刚470,カ初场,test70@example.com,B158
571,代刚471,H戈场,test71@example.com,C159
572,代刚472,u{场,test72@example.com,A158
573,代刚473,カ初场,test73@example.com,B159
574,代刚474,H戈场,test74@example.com,C160
575,代刚475,u{场,test75@example.com,A159
576,代刚476,カ初场,test76@example.com,B160
577,代刚477,H戈场,test77@example.com,C161
578,代刚478,u{场,test78@example.com,A160
579,代刚479,カ初场,test79@example.com,B161
580,代刚480,H戈场,test80@example.com,C162
581,代刚481,u{场,test81@example.com,A161
582,代刚482,カ初场,test82@example.com,B162
583,代刚483,H戈场,test83@example.com,C163
584,代刚484,u{场,test84@example.com,A162
585,代刚485,カ初场,test85@example.com,B163
586,代刚486,H戈场,test86@example.com,C164
587,代刚487,u{场,test87@example.com,A163
588,代刚488,カ初场,test88@example.com,B164
589,代刚489,H戈场,test89@example.com,C165
590,代刚490,u{场,test90@example.com,A164
591,代刚491,カ初场,test91@example.com,B165
592,代刚492,H戈场,test92@example.com,C166
593,代刚493,u{场,test93@example.com,A165
594,代刚494,カ初场,test94@example.com,B166
595,代刚495,H戈场,test95@example.com,C167
596,代刚496,u{场,test96@example.com,A166
597,代刚497,カ初场,test97@example.com,B167
598,代刚498,H戈场,test98@example.com,C168
599,代刚499,u{场,test99@example.com,A167
